Image,Article,Colour,Size,Pair,Price,Rate List Price,Thumbnail,OCR JSON
"IMG-20251003-WA0003.jpg","Sketch-03","G.Grey","6x9 7x10","24","","","",""
"IMG-20251003-WA0004.jpg","Sketch-07","None","6x9 7x10","24","","","",""
"IMG-20251003-WA0005.jpg","Sketch-07","L.Grey/T.Blue","6x9 7x10","24","","","",""
"IMG-20251003-WA0006.jpg","Sketch 03","White","6*9 7*10","24","","","",""
"IMG-20251003-WA0007.jpg","Wate","Wate","6/9-7/1","24","","","",""
"IMG-20251003-WA0008.jpg","Sketch-09","T-Blue","6x9 7x10","24","","","",""
"IMG-20251003-WA0009.jpg","Sketch-02","None","6x9 7x10","4","","","",""
"IMG-20251003-WA0010.jpg","Sketch-14","Black/Grey","6x9 7x10","24","","","",""
"IMG-20251003-WA0011.jpg","Sketch-02","None","6x9 7x10","2h","","","",""
"IMG-20251003-WA0012.jpg","Sketch-07","T.Blue/White","6x9 7x10","07","","","",""
"IMG-20251003-WA0013.jpg","Sktch","Wt/Tan","6/9-7/10","24","","","",""
"IMG-20251003-WA0014.jpg","Sktch","Wt/Bk","6/9-7/10","24","","","",""
"IMG-20251003-WA0015.jpg","Sketch-02","White","6x9 7x10","24","","","",""
"IMG-20251003-WA0016.jpg","Sketch-14","Ciffox","None","14","","","",""
"IMG-20251003-WA0017.jpg","Sketch-14","L.grey","6x9 7x10","24","","","",""
"IMG-20251003-WA0018.jpg","Sketch-02","Navy","6x9 7x10","24","","","",""
"IMG-20251003-WA0019.jpg","None","D.Gry","6x9 7x10","4","","","",""
"IMG-20251003-WA0020.jpg","Runner-05","Navy","6x9 7x10","24","","","",""
"IMG-20251003-WA0021.jpg","Mukeson 03","D.Gray","6*9 7*10","24","","","",""
"IMG-20251003-WA0022.jpg","Mukeson 01","D.Gray","6*9 7*10","24","","","",""
"IMG-20251003-WA0023.jpg","Pairs","Navy","None","24","","","",""
"IMG-20251003-WA0024.jpg","Stze","Black","6x9 7x10","24","","","",""
"IMG-20251003-WA0025.jpg","abar","None","6x9 7x10","4","","","",""
"IMG-20251003-WA0026.jpg","Mukeson-02","Navy","6x9 7x10","24","","","",""
"IMG-20251003-WA0027.jpg","Runner-04","Black","6x9 7x10","04","","","",""
"IMG-20251003-WA0028.jpg","Mukeson-01","None","6x9 7x10","24","","","",""
"IMG-20251003-WA0029.jpg","Runner-02","Black","6x9 7x10","24","","","",""
"IMG-20251003-WA0030.jpg","None","T.Blue","6x9 7x10","24","","","",""
"IMG-20251003-WA0031.jpg","Runner-02","Mehndi/Black","6x9 7x10","24","","","",""
"IMG-20251003-WA0032.jpg","Mukeson-O1","Navy","None","24","","","",""
"IMG-20251003-WA0033.jpg","Mukeson-03","Black","6x9 7x10","03","","","",""
"IMG-20251003-WA0034.jpg","Runner","Black","6/9-7/10","24","","","",""
"IMG-20251003-WA0035.jpg","iffox","6x9","6x9 7x10","24","","","",""
"IMG-20251003-WA0036.jpg","Safari-13","White/Grey","6x9 7x10","24","","","",""
"IMG-20251003-WA0037.jpg","Safari 03","White/Green","6*9 7*10","24","","","",""
"IMG-20251003-WA0038.jpg","Safari 15","White/Gray","6*9 7*10","24","","","",""
"IMG-20251003-WA0039.jpg","Safari 02","White/Blue","6*9 7*10","24","","","",""
"IMG-20251003-WA0040.jpg","Sofari-07","White/Blue","6x9 7x10","24","","","",""
"IMG-20251003-WA0041.jpg","Safari-07","White/C.Green","6x9 7x10","07","","","",""
"IMG-20251003-WA0042.jpg","Safari-07","White/Sky","6x9 7x10","24","","","",""
"IMG-20251003-WA0043.jpg","Safari-01","White/Sky","6x9 7x10","24","","","",""
"IMG-20251003-WA0044.jpg","Safari 04","White/Gray","6*9 7*10","24","","","",""
"IMG-20251003-WA0045.jpg","Soferi-20","White/Grey","6x9 7x10","24","","","",""
"IMG-20251003-WA0046.jpg","Safari-01","White/Grey","6x9 7x10","24","","","",""
"IMG-20251003-WA0047.jpg","Sofari-06","White/Water","6x9 7x10","06","","","",""
"IMG-20251003-WA0048.jpg","Sofari","White/Sky/Blue","6x9 7x10","24","","","",""
"IMG-20251003-WA0049.jpg","Sofari-01","White/C.Green","6x9 7x10","24","","","",""
"IMG-20251003-WA0050.jpg","Safari-04","White/","None","04","","","",""
"IMG-20251003-WA0051.jpg","Safari-13","UShite/C.Green","6x9 7x10","24","","","",""
"IMG-20251003-WA0052.jpg","Auticle","White/Sky/Blue","None","9","","","",""
"IMG-20251003-WA0053.jpg","Sketch-05","White/Sky","6x9 7x10","24","","","",""
"IMG-20251003-WA0054.jpg","Safari-13","White/Sky","6x9 7x10","24","","","",""
"IMG-20251003-WA0055.jpg","Safari-04","White/C.Green","6x9 7x10","24","","","",""
"IMG-20251003-WA0056.jpg","None","White/Green","6x9 7x10","24","","","",""
"IMG-20251003-WA0057.jpg","Paies","White/Red","6x9 7x10","4","","","",""
"IMG-20251003-WA0058.jpg","Artical","White/Blve","6x9 7x10","24","","","",""
"IMG-20251003-WA0059.jpg","Rocks-04","White/Blue","6x9 7x10","24","","","",""
"IMG-20251003-WA0060.jpg","Rocks","Wt/Pista","6/9-7/10","24","","","",""
"IMG-20251003-WA0061.jpg","Rocks","Wt/Mouse","6/9-7/10","24","","","",""
"IMG-20251003-WA0062.jpg","Rocks","Size-6/9-7/10","6/9-7/10","19","","","",""
"IMG-20251003-WA0063.jpg","Rocks","Wt/Blue","6/9-7/10","24","","","",""
"IMG-20251003-WA0064.jpg","Rocks","Wt/Dgry","6/9-7/10","24","","","",""
"IMG-20251003-WA0065.jpg","Rocks-03","White/Blue","6x9 7x10","03","","","",""
"IMG-20251003-WA0066.jpg","Mouse","White/Mouse","6x9 7x10","24","","","",""
"IMG-20251003-WA0067.jpg","Rocks-06","Black","6x9 7x10","24","","","",""
"IMG-20251003-WA0068.jpg","Rocks","Wt/Blue","6/9-7/10","24","","","",""
"IMG-20251003-WA0069.jpg","Rocks","WT/Red","6/9-7/10","24","","","",""
"IMG-20251003-WA0070.jpg","Rocks","Wt/Black","6/9-7/10","24","","","",""
"IMG-20251003-WA0071.jpg","Rocks","Wt/Mouse","7/10","24","","","",""
"IMG-20251003-WA0072.jpg","Rocks","Wt/GRN","6/9-7/10","24","","","",""
"IMG-20251003-WA0073.jpg","Rocks","Dgry","6/9-7/10","24","","","",""
"IMG-20251003-WA0074.jpg","Rocks","Wt/Tan","6/9-7/10","24","","","",""
"IMG-20251003-WA0075.jpg","Rocks","Wt/MHD","6/9-7/10","24","","","",""
"IMG-20251003-WA0076.jpg","Rocks-06","None","6x9 7x10","24","","","",""
"IMG-20251003-WA0077.jpg","Rocks","White","6/9-7/10","24","","","",""
"IMG-20251003-WA0078.jpg","Rocks","Wt/Red/Black","6/9-7/10","24","","","",""
"IMG-20251003-WA0079.jpg","Rocks","Wt/Red","6/9-7/10","24","","","",""
"IMG-20251003-WA0080.jpg","Rocks-03","White/Grey","6x9 7x10","24","","","",""
"IMG-20251003-WA0081.jpg","Rocks","White","6/9-7/10","24","","","",""
"IMG-20251003-WA0082.jpg","Artical","White/Red","6x9 7x10","24","","","",""
"IMG-20251003-WA0083.jpg","Rocks","Navy/Sky","6/9-7/10","24","","","",""
"IMG-20251003-WA0084.jpg","Rocks","Gry/Perpal","6/9-7/10","24","","","",""
"IMG-20251003-WA0085.jpg","Rocks","JAS","6/9-7/10","JAS","","","",""
"IMG-20251003-WA0086.jpg","Rocks","Wt/Blue/Gry","6/9-7/10","24","","","",""
"IMG-20251003-WA0087.jpg","Tesl-02","Black","6x9 7x10","24","","","",""
"IMG-20251003-WA0088.jpg","Tesls-03","White","6x9 7x10","24","","","",""
"IMG-20251003-WA0089.jpg","tivo","None","6x9 7x10","24","","","",""
"IMG-20251003-WA0090.jpg","Texla","Black","6/9-7/10","24","","","",""
"IMG-20251003-WA0091.jpg","Tesla","L.Grey","6x9 7x10","8","","","",""
"IMG-20251003-WA0092.jpg","Tesla","Navy","6x9 7x10","24","","","",""
"IMG-20251003-WA0093.jpg","Testa","None","6x9 7x10","24","","","",""
"IMG-20251003-WA0094.jpg","Tesia-02","None","6x9 7x10","9","","","",""
"IMG-20251003-WA0095.jpg","Tesla-03-","Navy","6x9 7x10","24","","","",""
"IMG-20251003-WA0096.jpg","Ford","Navy","6/9-7/10","24","","","",""
"IMG-20251003-WA0097.jpg","Ford-01","L.Grey","6x9 7x10","24","","","",""
"IMG-20251003-WA0098.jpg","Ford 09","L.Gray","6*9 7*10","24","","","",""
"IMG-20251003-WA0099.jpg","Ford","Black","6/9-7/10","24","","","",""
"IMG-20251003-WA0100.jpg","Ford-01","Navy","6x9 7x10","24","","","",""
"IMG-20251003-WA0101.jpg","Ford-02","Navy","6x9 7x10","6","","","",""
"IMG-20251003-WA0102.jpg","None","Grey","6x9 7x10","24","","","",""
"IMG-20251003-WA0103.jpg","Ford","Black","6/9-7/10","24","","","",""
"IMG-20251003-WA0104.jpg","Ford 5","Navy","6*9 7*10","24","","","",""
"IMG-20251003-WA0105.jpg","Ford","Lgry","6/9-7/10","24","","","",""
"IMG-20251003-WA0106.jpg","Thar-05","L.Grey","6x9 7x10","24","","","",""
"IMG-20251003-WA0107.jpg","Thar","Black","6/9-7/10","24","","","",""
"IMG-20251003-WA0108.jpg","Thar-05","Black","6x9 7x10","24","","","",""
"IMG-20251003-WA0109.jpg","Thar","Wt/Navy","6/9-7/10","24","","","",""
"IMG-20251003-WA0110.jpg","Thar","Black","6/9-7/10","24","","","",""
"IMG-20251003-WA0111.jpg","Thar-07","White/Grey","6x9 7x10","07","","","",""
"IMG-20251003-WA0112.jpg","Thar 5","D.Gray","6*9 7*10","24","","","",""
"IMG-20251003-WA0113.jpg","Thar","Lgry/Bk","6/9-7/10","10","","","",""
"IMG-20251003-WA0114.jpg","Thar","Lgry","6/9-7/10","24","","","",""
"IMG-20251003-WA0115.jpg","Thar 03","Navy","6*9 7*10","24","","","",""
"IMG-20251003-WA0116.jpg","Thar-05","White","6x9 7x10","24","","","",""
"IMG-20251003-WA0117.jpg","Artical","Black","6x9 7x10","24","","","",""
"IMG-20251003-WA0118.jpg","Jaguar","Wt/Pista/Org","6/9-7/10","24","","","",""
"IMG-20251003-WA0119.jpg","Jaguar","Navy","6/9-7/10","24","","","",""
"IMG-20251003-WA0120.jpg","Jaguar","Black","6/9-7/10","24","","","",""
"IMG-20251003-WA0121.jpg","Artical","Navy","6x9 7x10","24","","","",""
"IMG-20251003-WA0122.jpg","Jaquar-03","Black","6x9 7x10","24","","","",""
"IMG-20251003-WA0123.jpg","Jaquar-03","White","6x9 7x10","24","","","",""
"IMG-20251003-WA0124.jpg","Jaguar 02","Black","6*9 7*10","24","","","",""
"IMG-20251003-WA0125.jpg","Artical","L.Grey","6x9 7x10","24","","","",""
"IMG-20251003-WA0126.jpg","0","0.Grey","6x9 7x10","24","","","",""
"IMG-20251003-WA0127.jpg","Bullet","White","6/9-7/10","24","","","",""
"IMG-20251003-WA0128.jpg","Cites","Black/","6x9 7x10","24","","","",""
"IMG-20251003-WA0129.jpg","Bullet","Tblue","6/9-7/10","24","","","",""
"IMG-20251003-WA0130.jpg","Bullet","Black","6/9-7/10","24","","","",""
"IMG-20251003-WA0131.jpg","Jaguar","Wt/Org","6/9-7/10","24","","","",""
"IMG-20251003-WA0132.jpg","Bullet","ha","6/9-7/10","ha","","","",""
"IMG-20251003-WA0133.jpg","Bullet","Navy","6/9-7/10","24","","","",""
"IMG-20251003-WA0134.jpg","Bullet","Lgry/Red","6/9-7/10","24","","","",""
"IMG-20251003-WA0135.jpg","tataee","I/O","j","24","","","",""
"IMG-20251003-WA0136.jpg","Bullet-16","Black","6x9 7x10","24","","","",""
"IMG-20251003-WA0137.jpg","Bullet","Tblue","6/9-7/10","24","","","",""
"IMG-20251003-WA0138.jpg","Hunter-01","Black/","6x9 7x10","5","","","",""
"IMG-20251003-WA0139.jpg","Bullet","Tblue/Yellow","6/9-7/10","24","","","",""
"IMG-20251003-WA0140.jpg","Bullet","Pair","6/9-7/10","24","","","",""
"IMG-20251003-WA0141.jpg","Bullet-10","Water","6x9 7x10","24","","","",""
"IMG-20251003-WA0142.jpg","Hunter-8","Bk/Wt","6/9-7/10","24","","","",""
"IMG-20251003-WA0143.jpg","Hunter-6","Black/Wt","6/9-7/10","24","","","",""
"IMG-20251003-WA0144.jpg","Hunter-11","o.","7/10","o.","","","",""
"IMG-20251003-WA0145.jpg","Hunter-7","Tblue/Wt","6/9-7/10","24","","","",""
"IMG-20251003-WA0146.jpg","Hunter","Dgry","None","i","","","",""
"IMG-20251003-WA0147.jpg","Hunter-12","Dgry/Wt","6/9-7/10","24","","","",""
"IMG-20251003-WA0148.jpg","Hunter-1","Navy/Wt","6/9-7/10","24","","","",""
"IMG-20251003-WA0149.jpg","Hunter-03","Wht/Sky/","6x9 7x10","2h","","","",""
"IMG-20251003-WA0150.jpg","Track-03","Black","6x9 7x10","24","","","",""
"IMG-20251003-WA0151.jpg","TRK1","Navy","6/9-7/10","24","","","",""
"IMG-20251003-WA0152.jpg","Hunter-11","Tblue/Wt","6/9-7/10","11","","","",""
"IMG-20251003-WA0153.jpg","Hunter-10","Navy/Wt","6/9-7/10","24","","","",""
"IMG-20251003-WA0154.jpg","Track-09","Black","6x9 7x10","24","","","",""
"IMG-20251003-WA0155.jpg","TRK 5","MHD","6*9 7*10","24","","","",""
"IMG-20251003-WA0156.jpg","Track","Bk/Wt","6/9-7/10","24","","","",""
"IMG-20251003-WA0157.jpg","TRK 5","BRN","6*9 7*10","24","","","",""
"IMG-20251003-WA0158.jpg","None","Blue","6x9 7x10","24","","","",""
"IMG-20251003-WA0159.jpg","Track","Navy","6/9-7/10","24","","","",""
"IMG-20251003-WA0160.jpg","TRK 5","Mouse","6*9 7*10","24","","","",""
"IMG-20251003-WA0161.jpg","Track-01","None","6x9 7x10","24","","","",""
"IMG-20251003-WA0162.jpg","TRK","White","6/9-7/10","24","","","",""
"IMG-20251003-WA0163.jpg","Crv-01","Black","6x9 7x10","24","","","",""
"IMG-20251003-WA0164.jpg","None","Navy","6x9 7x10","24","","","",""
"IMG-20251003-WA0165.jpg","CRV","Black","6/9-7/10","24","","","",""
"IMG-20251003-WA0166.jpg","TRK 5","Navy","6*9 7*10","24","","","",""
"IMG-20251003-WA0167.jpg","CRV-03","Black","6x9 7x10","24","","","",""
"IMG-20251003-WA0168.jpg","CRV-01","White/Red","6x9 7x10","24","","","",""
"IMG-20251003-WA0169.jpg","Crv-01","White/","6x9 7x10","24","","","",""
"IMG-20251003-WA0170.jpg","CRV 04","White/Gray","6*9 7*10","24","","","",""
"IMG-20251003-WA0171.jpg","Ciffox","None","6x9 7x10","7","","","",""
"IMG-20251003-WA0172.jpg","Crv-04","Black","6x9 7x10","24","","","",""
"IMG-20251003-WA0173.jpg","CRV-01","Navy/Grey","6x9 7x10","2","","","",""
"IMG-20251003-WA0174.jpg","toner","White","None","24","","","",""
"IMG-20251003-WA0175.jpg","Crv-02","Navy","6x9 7x10","24","","","",""
"IMG-20251003-WA0176.jpg","Highneck-01","Black","6x9 7x10","24","","","",""
"IMG-20251003-WA0177.jpg","Crv-02","Black","6x9 7x10","24","","","",""
"IMG-20251003-WA0178.jpg","Highneck-01","Navy","6x9 7x10","24","","","",""
"IMG-20251003-WA0179.jpg","Uitate","6x9","6x9 7x10","24","","","",""
"IMG-20251003-WA0180.jpg","classic","Black","6/9-7/10","24","","","",""
"IMG-20251003-WA0181.jpg","Tarzan-02","White/Blue","6x9 7x10","24","","","",""
"IMG-20251003-WA0182.jpg","Boss","Navy","2/5","36","","","",""
"IMG-20251003-WA0183.jpg","COMTOT","White","6x9 7x10","24","","","",""
"IMG-20251003-WA0184.jpg","Boss","Black/Org","2/5","36","","","",""
"IMG-20251003-WA0185.jpg","Boss","Cyr","2/5","Cyr","","","",""
"IMG-20251003-WA0186.jpg","Artical","Black","6x9 7x10","24","","","",""
"IMG-20251003-WA0187.jpg","Fista 02","White/Blue","6*9 7*10","24","","","",""
"IMG-20251003-WA0188.jpg","COSCO","White","6/9-7/10","24","","","",""
"IMG-20251003-WA0189.jpg","Fista-01","White/Pista","6x9 7x10","24","","","",""
"IMG-20251003-WA0190.jpg","Fists-O1","White/Blue","6x9 7x10","7","","","",""
"IMG-20251003-WA0191.jpg","COSCO3","None","6/9-7/10","A","","","",""
"IMG-20251003-WA0192.jpg","Ogui-01","Black","6x9 7x10","24","","","",""
"IMG-20251003-WA0193.jpg","Oguyi-01","White","6x9 7x10","01","","","",""
"IMG-20251003-WA0194.jpg","Articie","Grey/Blue","6x9 7x10","01","","","",""
"IMG-20251003-WA0195.jpg","Oqui-01","White/Blue","6x9 7x10","24","","","",""
"IMG-20251003-WA0196.jpg","Ogyi-01","fiehndi","6x9 7x10","24","","","",""
"IMG-20251003-WA0197.jpg","Artical","Full","6x9 7x10","24","","","",""
"IMG-20251003-WA0198.jpg","Canvas-03","Black","6x9 7x10","7","","","",""
"IMG-20251003-WA0199.jpg","Convas-02","6x9","6x9","24","","","",""
"IMG-20251003-WA0200.jpg","Poir","Navy/Sky","6x9 7x10","24","","","",""
"IMG-20251003-WA0201.jpg","Canvas-09","White","6x9 7x10","24","","","",""
"IMG-20251003-WA0202.jpg","Canvas-09","Black","6x9 7x10","09","","","",""
"IMG-20251003-WA0203.jpg","Poir","None","6x9 7x10","2h","","","",""
"IMG-20251003-WA0204.jpg","Tata-06","White/Sky","6x9 7x10","06","","","",""
"IMG-20251003-WA0205.jpg","Tata","White/","6x9 7x10","24","","","",""
"IMG-20251003-WA0206.jpg","Tata","White/","6x9 7x10","24","","","",""
"IMG-20251003-WA0207.jpg","Tata-05","White/Sky/Blue","6x9 7x10","24","","","",""
"IMG-20251003-WA0208.jpg","Tata","White/","6x9 7x10","2h","","","",""
"IMG-20251003-WA0209.jpg","Tata","White/","6x9 7x10","24","","","",""
"IMG-20251003-WA0210.jpg","Tata","White/Rad","6x9 7x10","05","","","",""
"IMG-20251003-WA0211.jpg","Tata","White/C.Grn/Blue","6x9 7x10","24","","","",""
"IMG-20251003-WA0212.jpg","Tata-02","None","6x9 7x10","24","","","",""
"IMG-20251003-WA0213.jpg","Bive","UWhite/Bive","6x9 7x10","24","","","",""
"IMG-20251003-WA0214.jpg","Champ 08","T.Blue","6*9 7*10","24","","","",""
"IMG-20251003-WA0215.jpg","Tata-02","White/Grey","6x9 7x10","24","","","",""
"IMG-20251003-WA0216.jpg","Champ 08","L.Gray","6*9 7*10","24","","","",""
"IMG-20251003-WA0217.jpg","Champ-08","Black","6x9 7x10","24","","","",""
"IMG-20251003-WA0218.jpg","Champ","Bk/Yel","6/9-7/10","24","","","",""
"IMG-20251003-WA0219.jpg","Champ 08","Navy","6*9 7*10","24","","","",""
"IMG-20251003-WA0220.jpg","8","Cherry","6x9 7x10","8","","","",""
"IMG-20251003-WA0221.jpg","jninn","White","6x9","15","","","",""
"IMG-20251003-WA0222.jpg","Black","Black/Red","6x9 7x10","4","","","",""
"IMG-20251003-WA0223.jpg","comfort","aad es b","None","7","","","",""
"IMG-20251003-WA0224.jpg","Anivals","oo. ee N.Blue/C.Green SCS oN Se Se bs a","6x9","16","","","",""
"IMG-20251003-WA0225.jpg","CFX","Bk/Red","6/9-7/10","24","","","",""
"IMG-20251003-WA0226.jpg","CFX","Bk/Red","6/9-7/10","o","","","",""
"IMG-20251003-WA0227.jpg","Alto","Lgry","None","24","","","",""
"IMG-20251003-WA0228.jpg","Alto","Black","6/9-7/10","24","","","",""
"IMG-20251003-WA0229.jpg","Alto","Navy","6/9-7/10","24","","","",""
"IMG-20251003-WA0230.jpg","Alto","Tblue","6/9-7/10","24","","","",""
"IMG-20251003-WA0231.jpg","Alto","yn","6/9-7/10","yn","","","",""
"IMG-20251003-WA0232.jpg","Schoozi","Schoozi-01","7x10","24","","","",""
"IMG-20251003-WA0233.jpg","Schoozi-03","Navy/Red","6x9 7x10","24","","","",""
"IMG-20251003-WA0234.jpg","Schoozi-02","Grey/Black","6x9 7x10","i","","","",""
"IMG-20251003-WA0235.jpg","Alto","Dgry","6/9-7/10","24","","","",""
"IMG-20251003-WA0236.jpg","Schoozi-01","Black/Grey","6x9 7x10","24","","","",""
"IMG-20251003-WA0237.jpg","Poir","T.Blue","6x9 7x10","24","","","",""
"IMG-20251003-WA0238.jpg","Schoozi-03","T.Blue/Red","6x9 7x10","24","","","",""
"IMG-20251003-WA0239.jpg","None","White/T.Blue","6x9 7x10","16","","","",""
"IMG-20251003-WA0240.jpg","Dizire-02","Grey/Black","6x9 7x10","3","","","",""
"IMG-20251003-WA0241.jpg","BAAS","None","6x9 7x10","4","","","",""
"IMG-20251003-WA0242.jpg","Dizire 03","Navy/Orange","6*9 7*10","16","","","",""
"IMG-20251003-WA0243.jpg","Anivals","R.Blue","6x9","24","","","",""
"IMG-20251003-WA0244.jpg","Dizire-O1","t","6x9 7x10","16","","","",""
"IMG-20251003-WA0245.jpg","Artide","Navy","6x9 7x10","3","","","",""
"IMG-20251003-WA0246.jpg","Tpu-03","L.Grey","6x9 7x10","24","","","",""
"IMG-20251003-WA0247.jpg","Leap","0.Grey/Blue","6x9 7x10","5","","","",""
"IMG-20251003-WA0248.jpg","TPU-01","L.Grey","6x9 7x10","24","","","",""
"IMG-20251003-WA0249.jpg","TPU-O1","White/Vellow","6x9 7x10","24","","","",""
"IMG-20251003-WA0250.jpg","TPU-02","White/Blue","6x9 7x10","24","","","",""
"IMG-20251003-WA0251.jpg","TPU-02","Grey/Orange","6x9 7x10","24","","","",""
"IMG-20251003-WA0252.jpg","Tpu-02","Navy","6x9 7x10","24","","","",""
"IMG-20251003-WA0253.jpg","Speed","Wt/Gry/Red","None","36","","","",""
"IMG-20251003-WA0254.jpg","Speed","Wt/Blue/Org","2/5","36","","","",""
"IMG-20251003-WA0255.jpg","Speed","Wt/Gry/Red","2/5","36","","","",""
"IMG-20251003-WA0256.jpg","Speed","Wt/Sky/Org","2/5","36","","","",""
"IMG-20251003-WA0257.jpg","Speed","Wt/Org","2/5","36","","","",""
"IMG-20251003-WA0258.jpg","Speed","Leap","2/5","Leap","","","",""
"IMG-20251003-WA0259.jpg","Speed","Wt/Sky/Blue","2/5","36","","","",""
"IMG-20251003-WA0260.jpg","Speed","Wt/Bk/Grn","None","36","","","",""
"IMG-20251003-WA0261.jpg","Speed","Wt/Navy","2/5","36","","","",""
"IMG-20251003-WA0262.jpg","Racer-02","None","6x9 7x10","24","","","",""
"IMG-20251003-WA0263.jpg","Dgry","Dgry","6/9-7/10","2","","","",""
"IMG-20251003-WA0264.jpg","Gols","None","6x9 7x10","4","","","",""
"IMG-20251003-WA0265.jpg","shai","Black","6x9 7x10","1","","","",""
"IMG-20251003-WA0266.jpg","Ninja 01","L.Gray","6*9 7*10","24","","","",""
"IMG-20251003-WA0267.jpg","Sliver","Lgry/Water","6/9-7/10","24","","","",""
"IMG-20251003-WA0268.jpg","Gaatettc","Navy","6x9 7x10","24","","","",""
"IMG-20251003-WA0269.jpg","Sliver","Lgry/Bk","6/9-7/10","1","","","",""
"IMG-20251003-WA0270.jpg","Hector-02","White/Black","6x9 7x10","24","","","",""
"IMG-20251003-WA0271.jpg","Hector","Black","6/9-7/10","24","","","",""
"IMG-20251003-WA0272.jpg","Hector","Navy","None","P","","","",""
"IMG-20251003-WA0273.jpg","Hector","Lgry","6/9-7/10","0","","","",""
"IMG-20251003-WA0274.jpg","Cosco","Wt/Blue","6/9-7/10","24","","","",""
"IMG-20251003-WA0275.jpg","Audi","Leap","6/9-7/10","Leap","","","",""
"IMG-20251003-WA0276.jpg","Cosco","TihOX","None","TihOX","","","",""
"IMG-20251003-WA0277.jpg","Cosco","Wt/Pista","6/9-7/10","24","","","",""
